# x_0,  x_1,  x_2,  x_3,  x_4,  x_5,  x_6,  x_7,  x_8,    y
    0,    0,    0,    0,    0,    0,    0,    0,    0,    1
    0,    0,    0,    0,    0,    0,    0,    0,    1,    0
    0,    0,    0,    0,    0,    0,    0,    1,    0,    1
    0,    0,    0,    0,    0,    0,    0,    1,    1,    0
    0,    0,    0,    0,    0,    0,    1,    0,    0,    1
    0,    0,    0,    0,    0,    0,    1,    0,    1,    1
    0,    0,    0,    0,    0,    0,    1,    1,    0,    1
    0,    0,    0,    0,    0,    0,    1,    1,    1,    0
    0,    0,    0,    0,    0,    1,    0,    0,    0,    1
    0,    0,    0,    0,    0,    1,    0,    0,    1,    1
    0,    0,    0,    0,    0,    1,    0,    1,    0,    1
    0,    0,    0,    0,    0,    1,    0,    1,    1,    0
    0,    0,    0,    0,    0,    1,    1,    0,    0,    1
    0,    0,    0,    0,    0,    1,    1,    0,    1,    1
    0,    0,    0,    0,    0,    1,    1,    1,    0,    1
    0,    0,    0,    0,    0,    1,    1,    1,    1,    0
    0,    0,    0,    0,    1,    0,    0,    0,    0,    1
    0,    0,    0,    0,    1,    0,    0,    0,    1,    1
    0,    0,    0,    0,    1,    0,    0,    1,    0,    1
    0,    0,    0,    0,    1,    0,    0,    1,    1,    0
    0,    0,    0,    0,    1,    0,    1,    0,    0,    1
    0,    0,    0,    0,    1,    0,    1,    0,    1,    1
    0,    0,    0,    0,    1,    0,    1,    1,    0,    1
    0,    0,    0,    0,    1,    0,    1,    1,    1,    0
    0,    0,    0,    0,    1,    1,    0,    0,    0,    1
    0,    0,    0,    0,    1,    1,    0,    0,    1,    1
    0,    0,    0,    0,    1,    1,    0,    1,    0,    1
    0,    0,    0,    0,    1,    1,    0,    1,    1,    0
    0,    0,    0,    0,    1,    1,    1,    0,    0,    1
    0,    0,    0,    0,    1,    1,    1,    0,    1,    1
    0,    0,    0,    0,    1,    1,    1,    1,    0,    1
    0,    0,    0,    0,    1,    1,    1,    1,    1,    0
    0,    0,    0,    1,    0,    0,    0,    0,    0,    1
    0,    0,    0,    1,    0,    0,    0,    0,    1,    0
    0,    0,    0,    1,    0,    0,    0,    1,    0,    1
    0,    0,    0,    1,    0,    0,    0,    1,    1,    0
    0,    0,    0,    1,    0,    0,    1,    0,    0,    1
    0,    0,    0,    1,    0,    0,    1,    0,    1,    1
    0,    0,    0,    1,    0,    0,    1,    1,    0,    1
    0,    0,    0,    1,    0,    0,    1,    1,    1,    0
    0,    0,    0,    1,    0,    1,    0,    0,    0,    1
    0,    0,    0,    1,    0,    1,    0,    0,    1,    1
    0,    0,    0,    1,    0,    1,    0,    1,    0,    1
    0,    0,    0,    1,    0,    1,    0,    1,    1,    0
    0,    0,    0,    1,    0,    1,    1,    0,    0,    1
    0,    0,    0,    1,    0,    1,    1,    0,    1,    1
    0,    0,    0,    1,    0,    1,    1,    1,    0,    1
    0,    0,    0,    1,    0,    1,    1,    1,    1,    0
    0,    0,    0,    1,    1,    0,    0,    0,    0,    1
    0,    0,    0,    1,    1,    0,    0,    0,    1,    1
    0,    0,    0,    1,    1,    0,    0,    1,    0,    1
    0,    0,    0,    1,    1,    0,    0,    1,    1,    0
    0,    0,    0,    1,    1,    0,    1,    0,    0,    1
    0,    0,    0,    1,    1,    0,    1,    0,    1,    1
    0,    0,    0,    1,    1,    0,    1,    1,    0,    1
    0,    0,    0,    1,    1,    0,    1,    1,    1,    0
    0,    0,    0,    1,    1,    1,    0,    0,    0,    1
    0,    0,    0,    1,    1,    1,    0,    0,    1,    1
    0,    0,    0,    1,    1,    1,    0,    1,    0,    1
    0,    0,    0,    1,    1,    1,    0,    1,    1,    0
    0,    0,    0,    1,    1,    1,    1,    0,    0,    1
    0,    0,    0,    1,    1,    1,    1,    0,    1,    1
    0,    0,    0,    1,    1,    1,    1,    1,    0,    1
    0,    0,    0,    1,    1,    1,    1,    1,    1,    0
    0,    0,    1,    0,    0,    0,    0,    0,    0,    1
    0,    0,    1,    0,    0,    0,    0,    0,    1,    1
    0,    0,    1,    0,    0,    0,    0,    1,    0,    1
    0,    0,    1,    0,    0,    0,    0,    1,    1,    0
    0,    0,    1,    0,    0,    0,    1,    0,    0,    1
    0,    0,    1,    0,    0,    0,    1,    0,    1,    1
    0,    0,    1,    0,    0,    0,    1,    1,    0,    1
    0,    0,    1,    0,    0,    0,    1,    1,    1,    0
    0,    0,    1,    0,    0,    1,    0,    0,    0,    1
    0,    0,    1,    0,    0,    1,    0,    0,    1,    1
    0,    0,    1,    0,    0,    1,    0,    1,    0,    1
    0,    0,    1,    0,    0,    1,    0,    1,    1,    0
    0,    0,    1,    0,    0,    1,    1,    0,    0,    1
    0,    0,    1,    0,    0,    1,    1,    0,    1,    1
    0,    0,    1,    0,    0,    1,    1,    1,    0,    1
    0,    0,    1,    0,    0,    1,    1,    1,    1,    0
    0,    0,    1,    0,    1,    0,    0,    0,    0,    1
    0,    0,    1,    0,    1,    0,    0,    0,    1,    0
    0,    0,    1,    0,    1,    0,    0,    1,    0,    1
    0,    0,    1,    0,    1,    0,    0,    1,    1,    0
    0,    0,    1,    0,    1,    0,    1,    0,    0,    1
    0,    0,    1,    0,    1,    0,    1,    0,    1,    1
    0,    0,    1,    0,    1,    0,    1,    1,    0,    1
    0,    0,    1,    0,    1,    0,    1,    1,    1,    0
    0,    0,    1,    0,    1,    1,    0,    0,    0,    1
    0,    0,    1,    0,    1,    1,    0,    0,    1,    1
    0,    0,    1,    0,    1,    1,    0,    1,    0,    1
    0,    0,    1,    0,    1,    1,    0,    1,    1,    0
    0,    0,    1,    0,    1,    1,    1,    0,    0,    1
    0,    0,    1,    0,    1,    1,    1,    0,    1,    1
    0,    0,    1,    0,    1,    1,    1,    1,    0,    1
    0,    0,    1,    0,    1,    1,    1,    1,    1,    0
    0,    0,    1,    1,    0,    0,    0,    0,    0,    1
    0,    0,    1,    1,    0,    0,    0,    0,    1,    0
    0,    0,    1,    1,    0,    0,    0,    1,    0,    1
    0,    0,    1,    1,    0,    0,    0,    1,    1,    0
    0,    0,    1,    1,    0,    0,    1,    0,    0,    1
    0,    0,    1,    1,    0,    0,    1,    0,    1,    1
    0,    0,    1,    1,    0,    0,    1,    1,    0,    1
    0,    0,    1,    1,    0,    0,    1,    1,    1,    0
    0,    0,    1,    1,    0,    1,    0,    0,    0,    1
    0,    0,    1,    1,    0,    1,    0,    0,    1,    1
    0,    0,    1,    1,    0,    1,    0,    1,    0,    1
    0,    0,    1,    1,    0,    1,    0,    1,    1,    0
    0,    0,    1,    1,    0,    1,    1,    0,    0,    1
    0,    0,    1,    1,    0,    1,    1,    0,    1,    1
    0,    0,    1,    1,    0,    1,    1,    1,    0,    1
    0,    0,    1,    1,    0,    1,    1,    1,    1,    0
    0,    0,    1,    1,    1,    0,    0,    0,    0,    1
    0,    0,    1,    1,    1,    0,    0,    0,    1,    1
    0,    0,    1,    1,    1,    0,    0,    1,    0,    1
    0,    0,    1,    1,    1,    0,    0,    1,    1,    0
    0,    0,    1,    1,    1,    0,    1,    0,    0,    1
    0,    0,    1,    1,    1,    0,    1,    0,    1,    1
    0,    0,    1,    1,    1,    0,    1,    1,    0,    1
    0,    0,    1,    1,    1,    0,    1,    1,    1,    0
    0,    0,    1,    1,    1,    1,    0,    0,    0,    1
    0,    0,    1,    1,    1,    1,    0,    0,    1,    1
    0,    0,    1,    1,    1,    1,    0,    1,    0,    1
    0,    0,    1,    1,    1,    1,    0,    1,    1,    0
    0,    0,    1,    1,    1,    1,    1,    0,    0,    1
    0,    0,    1,    1,    1,    1,    1,    0,    1,    1
    0,    0,    1,    1,    1,    1,    1,    1,    0,    1
    0,    0,    1,    1,    1,    1,    1,    1,    1,    0
    0,    1,    0,    0,    0,    0,    0,    0,    0,    1
    0,    1,    0,    0,    0,    0,    0,    0,    1,    0
    0,    1,    0,    0,    0,    0,    0,    1,    0,    1
    0,    1,    0,    0,    0,    0,    0,    1,    1,    0
    0,    1,    0,    0,    0,    0,    1,    0,    0,    1
    0,    1,    0,    0,    0,    0,    1,    0,    1,    1
    0,    1,    0,    0,    0,    0,    1,    1,    0,    1
    0,    1,    0,    0,    0,    0,    1,    1,    1,    0
    0,    1,    0,    0,    0,    1,    0,    0,    0,    1
    0,    1,    0,    0,    0,    1,    0,    0,    1,    1
    0,    1,    0,    0,    0,    1,    0,    1,    0,    1
    0,    1,    0,    0,    0,    1,    0,    1,    1,    0
    0,    1,    0,    0,    0,    1,    1,    0,    0,    1
    0,    1,    0,    0,    0,    1,    1,    0,    1,    1
    0,    1,    0,    0,    0,    1,    1,    1,    0,    1
    0,    1,    0,    0,    0,    1,    1,    1,    1,    0
    0,    1,    0,    0,    1,    0,    0,    0,    0,    1
    0,    1,    0,    0,    1,    0,    0,    0,    1,    1
    0,    1,    0,    0,    1,    0,    0,    1,    0,    1
    0,    1,    0,    0,    1,    0,    0,    1,    1,    0
    0,    1,    0,    0,    1,    0,    1,    0,    0,    1
    0,    1,    0,    0,    1,    0,    1,    0,    1,    1
    0,    1,    0,    0,    1,    0,    1,    1,    0,    1
    0,    1,    0,    0,    1,    0,    1,    1,    1,    0
    0,    1,    0,    0,    1,    1,    0,    0,    0,    1
    0,    1,    0,    0,    1,    1,    0,    0,    1,    1
    0,    1,    0,    0,    1,    1,    0,    1,    0,    1
    0,    1,    0,    0,    1,    1,    0,    1,    1,    0
    0,    1,    0,    0,    1,    1,    1,    0,    0,    1
    0,    1,    0,    0,    1,    1,    1,    0,    1,    1
    0,    1,    0,    0,    1,    1,    1,    1,    0,    1
    0,    1,    0,    0,    1,    1,    1,    1,    1,    0
    0,    1,    0,    1,    0,    0,    0,    0,    0,    1
    0,    1,    0,    1,    0,    0,    0,    0,    1,    0
    0,    1,    0,    1,    0,    0,    0,    1,    0,    1
    0,    1,    0,    1,    0,    0,    0,    1,    1,    0
    0,    1,    0,    1,    0,    0,    1,    0,    0,    1
    0,    1,    0,    1,    0,    0,    1,    0,    1,    1
    0,    1,    0,    1,    0,    0,    1,    1,    0,    1
    0,    1,    0,    1,    0,    0,    1,    1,    1,    0
    0,    1,    0,    1,    0,    1,    0,    0,    0,    1
    0,    1,    0,    1,    0,    1,    0,    0,    1,    1
    0,    1,    0,    1,    0,    1,    0,    1,    0,    1
    0,    1,    0,    1,    0,    1,    0,    1,    1,    0
    0,    1,    0,    1,    0,    1,    1,    0,    0,    1
    0,    1,    0,    1,    0,    1,    1,    0,    1,    1
    0,    1,    0,    1,    0,    1,    1,    1,    0,    1
    0,    1,    0,    1,    0,    1,    1,    1,    1,    0
    0,    1,    0,    1,    1,    0,    0,    0,    0,    1
    0,    1,    0,    1,    1,    0,    0,    0,    1,    1
    0,    1,    0,    1,    1,    0,    0,    1,    0,    1
    0,    1,    0,    1,    1,    0,    0,    1,    1,    0
    0,    1,    0,    1,    1,    0,    1,    0,    0,    1
    0,    1,    0,    1,    1,    0,    1,    0,    1,    1
    0,    1,    0,    1,    1,    0,    1,    1,    0,    1
    0,    1,    0,    1,    1,    0,    1,    1,    1,    0
    0,    1,    0,    1,    1,    1,    0,    0,    0,    1
    0,    1,    0,    1,    1,    1,    0,    0,    1,    1
    0,    1,    0,    1,    1,    1,    0,    1,    0,    1
    0,    1,    0,    1,    1,    1,    0,    1,    1,    0
    0,    1,    0,    1,    1,    1,    1,    0,    0,    1
    0,    1,    0,    1,    1,    1,    1,    0,    1,    1
    0,    1,    0,    1,    1,    1,    1,    1,    0,    1
    0,    1,    0,    1,    1,    1,    1,    1,    1,    0
    0,    1,    1,    0,    0,    0,    0,    0,    0,    1
    0,    1,    1,    0,    0,    0,    0,    0,    1,    1
    0,    1,    1,    0,    0,    0,    0,    1,    0,    1
    0,    1,    1,    0,    0,    0,    0,    1,    1,    0
    0,    1,    1,    0,    0,    0,    1,    0,    0,    1
    0,    1,    1,    0,    0,    0,    1,    0,    1,    1
    0,    1,    1,    0,    0,    0,    1,    1,    0,    1
    0,    1,    1,    0,    0,    0,    1,    1,    1,    0
    0,    1,    1,    0,    0,    1,    0,    0,    0,    1
    0,    1,    1,    0,    0,    1,    0,    0,    1,    1
    0,    1,    1,    0,    0,    1,    0,    1,    0,    1
    0,    1,    1,    0,    0,    1,    0,    1,    1,    0
    0,    1,    1,    0,    0,    1,    1,    0,    0,    1
    0,    1,    1,    0,    0,    1,    1,    0,    1,    1
    0,    1,    1,    0,    0,    1,    1,    1,    0,    1
    0,    1,    1,    0,    0,    1,    1,    1,    1,    0
    0,    1,    1,    0,    1,    0,    0,    0,    0,    1
    0,    1,    1,    0,    1,    0,    0,    0,    1,    0
    0,    1,    1,    0,    1,    0,    0,    1,    0,    1
    0,    1,    1,    0,    1,    0,    0,    1,    1,    0
    0,    1,    1,    0,    1,    0,    1,    0,    0,    1
    0,    1,    1,    0,    1,    0,    1,    0,    1,    1
    0,    1,    1,    0,    1,    0,    1,    1,    0,    1
    0,    1,    1,    0,    1,    0,    1,    1,    1,    0
    0,    1,    1,    0,    1,    1,    0,    0,    0,    1
    0,    1,    1,    0,    1,    1,    0,    0,    1,    1
    0,    1,    1,    0,    1,    1,    0,    1,    0,    1
    0,    1,    1,    0,    1,    1,    0,    1,    1,    0
    0,    1,    1,    0,    1,    1,    1,    0,    0,    1
    0,    1,    1,    0,    1,    1,    1,    0,    1,    1
    0,    1,    1,    0,    1,    1,    1,    1,    0,    1
    0,    1,    1,    0,    1,    1,    1,    1,    1,    0
    0,    1,    1,    1,    0,    0,    0,    0,    0,    1
    0,    1,    1,    1,    0,    0,    0,    0,    1,    0
    0,    1,    1,    1,    0,    0,    0,    1,    0,    1
    0,    1,    1,    1,    0,    0,    0,    1,    1,    0
    0,    1,    1,    1,    0,    0,    1,    0,    0,    1
    0,    1,    1,    1,    0,    0,    1,    0,    1,    1
    0,    1,    1,    1,    0,    0,    1,    1,    0,    1
    0,    1,    1,    1,    0,    0,    1,    1,    1,    0
    0,    1,    1,    1,    0,    1,    0,    0,    0,    1
    0,    1,    1,    1,    0,    1,    0,    0,    1,    1
    0,    1,    1,    1,    0,    1,    0,    1,    0,    1
    0,    1,    1,    1,    0,    1,    0,    1,    1,    0
    0,    1,    1,    1,    0,    1,    1,    0,    0,    1
    0,    1,    1,    1,    0,    1,    1,    0,    1,    1
    0,    1,    1,    1,    0,    1,    1,    1,    0,    1
    0,    1,    1,    1,    0,    1,    1,    1,    1,    0
    0,    1,    1,    1,    1,    0,    0,    0,    0,    1
    0,    1,    1,    1,    1,    0,    0,    0,    1,    1
    0,    1,    1,    1,    1,    0,    0,    1,    0,    1
    0,    1,    1,    1,    1,    0,    0,    1,    1,    0
    0,    1,    1,    1,    1,    0,    1,    0,    0,    1
    0,    1,    1,    1,    1,    0,    1,    0,    1,    1
    0,    1,    1,    1,    1,    0,    1,    1,    0,    1
    0,    1,    1,    1,    1,    0,    1,    1,    1,    0
    0,    1,    1,    1,    1,    1,    0,    0,    0,    1
    0,    1,    1,    1,    1,    1,    0,    0,    1,    1
    0,    1,    1,    1,    1,    1,    0,    1,    0,    1
    0,    1,    1,    1,    1,    1,    0,    1,    1,    0
    0,    1,    1,    1,    1,    1,    1,    0,    0,    1
    0,    1,    1,    1,    1,    1,    1,    0,    1,    1
    0,    1,    1,    1,    1,    1,    1,    1,    0,    1
    0,    1,    1,    1,    1,    1,    1,    1,    1,    0
    1,    0,    0,    0,    0,    0,    0,    0,    0,    1
    1,    0,    0,    0,    0,    0,    0,    0,    1,    0
    1,    0,    0,    0,    0,    0,    0,    1,    0,    1
    1,    0,    0,    0,    0,    0,    0,    1,    1,    0
    1,    0,    0,    0,    0,    0,    1,    0,    0,    1
    1,    0,    0,    0,    0,    0,    1,    0,    1,    1
    1,    0,    0,    0,    0,    0,    1,    1,    0,    1
    1,    0,    0,    0,    0,    0,    1,    1,    1,    0
    1,    0,    0,    0,    0,    1,    0,    0,    0,    1
    1,    0,    0,    0,    0,    1,    0,    0,    1,    1
    1,    0,    0,    0,    0,    1,    0,    1,    0,    1
    1,    0,    0,    0,    0,    1,    0,    1,    1,    0
    1,    0,    0,    0,    0,    1,    1,    0,    0,    1
    1,    0,    0,    0,    0,    1,    1,    0,    1,    1
    1,    0,    0,    0,    0,    1,    1,    1,    0,    1
    1,    0,    0,    0,    0,    1,    1,    1,    1,    0
    1,    0,    0,    0,    1,    0,    0,    0,    0,    1
    1,    0,    0,    0,    1,    0,    0,    0,    1,    1
    1,    0,    0,    0,    1,    0,    0,    1,    0,    1
    1,    0,    0,    0,    1,    0,    0,    1,    1,    0
    1,    0,    0,    0,    1,    0,    1,    0,    0,    1
    1,    0,    0,    0,    1,    0,    1,    0,    1,    1
    1,    0,    0,    0,    1,    0,    1,    1,    0,    1
    1,    0,    0,    0,    1,    0,    1,    1,    1,    0
    1,    0,    0,    0,    1,    1,    0,    0,    0,    1
    1,    0,    0,    0,    1,    1,    0,    0,    1,    1
    1,    0,    0,    0,    1,    1,    0,    1,    0,    1
    1,    0,    0,    0,    1,    1,    0,    1,    1,    0
    1,    0,    0,    0,    1,    1,    1,    0,    0,    1
    1,    0,    0,    0,    1,    1,    1,    0,    1,    1
    1,    0,    0,    0,    1,    1,    1,    1,    0,    1
    1,    0,    0,    0,    1,    1,    1,    1,    1,    0
    1,    0,    0,    1,    0,    0,    0,    0,    0,    1
    1,    0,    0,    1,    0,    0,    0,    0,    1,    0
    1,    0,    0,    1,    0,    0,    0,    1,    0,    1
    1,    0,    0,    1,    0,    0,    0,    1,    1,    0
    1,    0,    0,    1,    0,    0,    1,    0,    0,    1
    1,    0,    0,    1,    0,    0,    1,    0,    1,    1
    1,    0,    0,    1,    0,    0,    1,    1,    0,    1
    1,    0,    0,    1,    0,    0,    1,    1,    1,    0
    1,    0,    0,    1,    0,    1,    0,    0,    0,    1
    1,    0,    0,    1,    0,    1,    0,    0,    1,    1
    1,    0,    0,    1,    0,    1,    0,    1,    0,    1
    1,    0,    0,    1,    0,    1,    0,    1,    1,    0
    1,    0,    0,    1,    0,    1,    1,    0,    0,    1
    1,    0,    0,    1,    0,    1,    1,    0,    1,    1
    1,    0,    0,    1,    0,    1,    1,    1,    0,    1
    1,    0,    0,    1,    0,    1,    1,    1,    1,    0
    1,    0,    0,    1,    1,    0,    0,    0,    0,    1
    1,    0,    0,    1,    1,    0,    0,    0,    1,    1
    1,    0,    0,    1,    1,    0,    0,    1,    0,    1
    1,    0,    0,    1,    1,    0,    0,    1,    1,    0
    1,    0,    0,    1,    1,    0,    1,    0,    0,    1
    1,    0,    0,    1,    1,    0,    1,    0,    1,    1
    1,    0,    0,    1,    1,    0,    1,    1,    0,    1
    1,    0,    0,    1,    1,    0,    1,    1,    1,    0
    1,    0,    0,    1,    1,    1,    0,    0,    0,    1
    1,    0,    0,    1,    1,    1,    0,    0,    1,    1
    1,    0,    0,    1,    1,    1,    0,    1,    0,    1
    1,    0,    0,    1,    1,    1,    0,    1,    1,    0
    1,    0,    0,    1,    1,    1,    1,    0,    0,    1
    1,    0,    0,    1,    1,    1,    1,    0,    1,    1
    1,    0,    0,    1,    1,    1,    1,    1,    0,    1
    1,    0,    0,    1,    1,    1,    1,    1,    1,    0
    1,    0,    1,    0,    0,    0,    0,    0,    0,    1
    1,    0,    1,    0,    0,    0,    0,    0,    1,    1
    1,    0,    1,    0,    0,    0,    0,    1,    0,    1
    1,    0,    1,    0,    0,    0,    0,    1,    1,    0
    1,    0,    1,    0,    0,    0,    1,    0,    0,    1
    1,    0,    1,    0,    0,    0,    1,    0,    1,    1
    1,    0,    1,    0,    0,    0,    1,    1,    0,    1
    1,    0,    1,    0,    0,    0,    1,    1,    1,    0
    1,    0,    1,    0,    0,    1,    0,    0,    0,    1
    1,    0,    1,    0,    0,    1,    0,    0,    1,    1
    1,    0,    1,    0,    0,    1,    0,    1,    0,    1
    1,    0,    1,    0,    0,    1,    0,    1,    1,    0
    1,    0,    1,    0,    0,    1,    1,    0,    0,    1
    1,    0,    1,    0,    0,    1,    1,    0,    1,    1
    1,    0,    1,    0,    0,    1,    1,    1,    0,    1
    1,    0,    1,    0,    0,    1,    1,    1,    1,    0
    1,    0,    1,    0,    1,    0,    0,    0,    0,    1
    1,    0,    1,    0,    1,    0,    0,    0,    1,    0
    1,    0,    1,    0,    1,    0,    0,    1,    0,    1
    1,    0,    1,    0,    1,    0,    0,    1,    1,    0
    1,    0,    1,    0,    1,    0,    1,    0,    0,    1
    1,    0,    1,    0,    1,    0,    1,    0,    1,    1
    1,    0,    1,    0,    1,    0,    1,    1,    0,    1
    1,    0,    1,    0,    1,    0,    1,    1,    1,    0
    1,    0,    1,    0,    1,    1,    0,    0,    0,    1
    1,    0,    1,    0,    1,    1,    0,    0,    1,    1
    1,    0,    1,    0,    1,    1,    0,    1,    0,    1
    1,    0,    1,    0,    1,    1,    0,    1,    1,    0
    1,    0,    1,    0,    1,    1,    1,    0,    0,    1
    1,    0,    1,    0,    1,    1,    1,    0,    1,    1
    1,    0,    1,    0,    1,    1,    1,    1,    0,    1
    1,    0,    1,    0,    1,    1,    1,    1,    1,    0
    1,    0,    1,    1,    0,    0,    0,    0,    0,    1
    1,    0,    1,    1,    0,    0,    0,    0,    1,    0
    1,    0,    1,    1,    0,    0,    0,    1,    0,    1
    1,    0,    1,    1,    0,    0,    0,    1,    1,    0
    1,    0,    1,    1,    0,    0,    1,    0,    0,    1
    1,    0,    1,    1,    0,    0,    1,    0,    1,    1
    1,    0,    1,    1,    0,    0,    1,    1,    0,    1
    1,    0,    1,    1,    0,    0,    1,    1,    1,    0
    1,    0,    1,    1,    0,    1,    0,    0,    0,    1
    1,    0,    1,    1,    0,    1,    0,    0,    1,    1
    1,    0,    1,    1,    0,    1,    0,    1,    0,    1
    1,    0,    1,    1,    0,    1,    0,    1,    1,    0
    1,    0,    1,    1,    0,    1,    1,    0,    0,    1
    1,    0,    1,    1,    0,    1,    1,    0,    1,    1
    1,    0,    1,    1,    0,    1,    1,    1,    0,    1
    1,    0,    1,    1,    0,    1,    1,    1,    1,    0
    1,    0,    1,    1,    1,    0,    0,    0,    0,    1
    1,    0,    1,    1,    1,    0,    0,    0,    1,    1
    1,    0,    1,    1,    1,    0,    0,    1,    0,    1
    1,    0,    1,    1,    1,    0,    0,    1,    1,    0
    1,    0,    1,    1,    1,    0,    1,    0,    0,    1
    1,    0,    1,    1,    1,    0,    1,    0,    1,    1
    1,    0,    1,    1,    1,    0,    1,    1,    0,    1
    1,    0,    1,    1,    1,    0,    1,    1,    1,    0
    1,    0,    1,    1,    1,    1,    0,    0,    0,    1
    1,    0,    1,    1,    1,    1,    0,    0,    1,    1
    1,    0,    1,    1,    1,    1,    0,    1,    0,    1
    1,    0,    1,    1,    1,    1,    0,    1,    1,    0
    1,    0,    1,    1,    1,    1,    1,    0,    0,    1
    1,    0,    1,    1,    1,    1,    1,    0,    1,    1
    1,    0,    1,    1,    1,    1,    1,    1,    0,    1
    1,    0,    1,    1,    1,    1,    1,    1,    1,    0
    1,    1,    0,    0,    0,    0,    0,    0,    0,    1
    1,    1,    0,    0,    0,    0,    0,    0,    1,    0
    1,    1,    0,    0,    0,    0,    0,    1,    0,    1
    1,    1,    0,    0,    0,    0,    0,    1,    1,    0
    1,    1,    0,    0,    0,    0,    1,    0,    0,    1
    1,    1,    0,    0,    0,    0,    1,    0,    1,    1
    1,    1,    0,    0,    0,    0,    1,    1,    0,    1
    1,    1,    0,    0,    0,    0,    1,    1,    1,    0
    1,    1,    0,    0,    0,    1,    0,    0,    0,    1
    1,    1,    0,    0,    0,    1,    0,    0,    1,    1
    1,    1,    0,    0,    0,    1,    0,    1,    0,    1
    1,    1,    0,    0,    0,    1,    0,    1,    1,    0
    1,    1,    0,    0,    0,    1,    1,    0,    0,    1
    1,    1,    0,    0,    0,    1,    1,    0,    1,    1
    1,    1,    0,    0,    0,    1,    1,    1,    0,    1
    1,    1,    0,    0,    0,    1,    1,    1,    1,    0
    1,    1,    0,    0,    1,    0,    0,    0,    0,    1
    1,    1,    0,    0,    1,    0,    0,    0,    1,    1
    1,    1,    0,    0,    1,    0,    0,    1,    0,    1
    1,    1,    0,    0,    1,    0,    0,    1,    1,    0
    1,    1,    0,    0,    1,    0,    1,    0,    0,    1
    1,    1,    0,    0,    1,    0,    1,    0,    1,    1
    1,    1,    0,    0,    1,    0,    1,    1,    0,    1
    1,    1,    0,    0,    1,    0,    1,    1,    1,    0
    1,    1,    0,    0,    1,    1,    0,    0,    0,    1
    1,    1,    0,    0,    1,    1,    0,    0,    1,    1
    1,    1,    0,    0,    1,    1,    0,    1,    0,    1
    1,    1,    0,    0,    1,    1,    0,    1,    1,    0
    1,    1,    0,    0,    1,    1,    1,    0,    0,    1
    1,    1,    0,    0,    1,    1,    1,    0,    1,    1
    1,    1,    0,    0,    1,    1,    1,    1,    0,    1
    1,    1,    0,    0,    1,    1,    1,    1,    1,    0
    1,    1,    0,    1,    0,    0,    0,    0,    0,    1
    1,    1,    0,    1,    0,    0,    0,    0,    1,    0
    1,    1,    0,    1,    0,    0,    0,    1,    0,    1
    1,    1,    0,    1,    0,    0,    0,    1,    1,    0
    1,    1,    0,    1,    0,    0,    1,    0,    0,    1
    1,    1,    0,    1,    0,    0,    1,    0,    1,    1
    1,    1,    0,    1,    0,    0,    1,    1,    0,    1
    1,    1,    0,    1,    0,    0,    1,    1,    1,    0
    1,    1,    0,    1,    0,    1,    0,    0,    0,    1
    1,    1,    0,    1,    0,    1,    0,    0,    1,    1
    1,    1,    0,    1,    0,    1,    0,    1,    0,    1
    1,    1,    0,    1,    0,    1,    0,    1,    1,    0
    1,    1,    0,    1,    0,    1,    1,    0,    0,    1
    1,    1,    0,    1,    0,    1,    1,    0,    1,    1
    1,    1,    0,    1,    0,    1,    1,    1,    0,    1
    1,    1,    0,    1,    0,    1,    1,    1,    1,    0
    1,    1,    0,    1,    1,    0,    0,    0,    0,    1
    1,    1,    0,    1,    1,    0,    0,    0,    1,    1
    1,    1,    0,    1,    1,    0,    0,    1,    0,    1
    1,    1,    0,    1,    1,    0,    0,    1,    1,    0
    1,    1,    0,    1,    1,    0,    1,    0,    0,    1
    1,    1,    0,    1,    1,    0,    1,    0,    1,    1
    1,    1,    0,    1,    1,    0,    1,    1,    0,    1
    1,    1,    0,    1,    1,    0,    1,    1,    1,    0
    1,    1,    0,    1,    1,    1,    0,    0,    0,    1
    1,    1,    0,    1,    1,    1,    0,    0,    1,    1
    1,    1,    0,    1,    1,    1,    0,    1,    0,    1
    1,    1,    0,    1,    1,    1,    0,    1,    1,    0
    1,    1,    0,    1,    1,    1,    1,    0,    0,    1
    1,    1,    0,    1,    1,    1,    1,    0,    1,    1
    1,    1,    0,    1,    1,    1,    1,    1,    0,    1
    1,    1,    0,    1,    1,    1,    1,    1,    1,    0
    1,    1,    1,    0,    0,    0,    0,    0,    0,    1
    1,    1,    1,    0,    0,    0,    0,    0,    1,    0
    1,    1,    1,    0,    0,    0,    0,    1,    0,    1
    1,    1,    1,    0,    0,    0,    0,    1,    1,    0
    1,    1,    1,    0,    0,    0,    1,    0,    0,    1
    1,    1,    1,    0,    0,    0,    1,    0,    1,    1
    1,    1,    1,    0,    0,    0,    1,    1,    0,    1
    1,    1,    1,    0,    0,    0,    1,    1,    1,    0
    1,    1,    1,    0,    0,    1,    0,    0,    0,    1
    1,    1,    1,    0,    0,    1,    0,    0,    1,    1
    1,    1,    1,    0,    0,    1,    0,    1,    0,    1
    1,    1,    1,    0,    0,    1,    0,    1,    1,    0
    1,    1,    1,    0,    0,    1,    1,    0,    0,    1
    1,    1,    1,    0,    0,    1,    1,    0,    1,    1
    1,    1,    1,    0,    0,    1,    1,    1,    0,    1
    1,    1,    1,    0,    0,    1,    1,    1,    1,    0
    1,    1,    1,    0,    1,    0,    0,    0,    0,    1
    1,    1,    1,    0,    1,    0,    0,    0,    1,    1
    1,    1,    1,    0,    1,    0,    0,    1,    0,    1
    1,    1,    1,    0,    1,    0,    0,    1,    1,    0
    1,    1,    1,    0,    1,    0,    1,    0,    0,    1
    1,    1,    1,    0,    1,    0,    1,    0,    1,    1
    1,    1,    1,    0,    1,    0,    1,    1,    0,    1
    1,    1,    1,    0,    1,    0,    1,    1,    1,    0
    1,    1,    1,    0,    1,    1,    0,    0,    0,    1
    1,    1,    1,    0,    1,    1,    0,    0,    1,    1
    1,    1,    1,    0,    1,    1,    0,    1,    0,    1
    1,    1,    1,    0,    1,    1,    0,    1,    1,    0
    1,    1,    1,    0,    1,    1,    1,    0,    0,    1
    1,    1,    1,    0,    1,    1,    1,    0,    1,    1
    1,    1,    1,    0,    1,    1,    1,    1,    0,    1
    1,    1,    1,    0,    1,    1,    1,    1,    1,    0
    1,    1,    1,    1,    0,    0,    0,    0,    0,    1
    1,    1,    1,    1,    0,    0,    0,    0,    1,    0
    1,    1,    1,    1,    0,    0,    0,    1,    0,    1
    1,    1,    1,    1,    0,    0,    0,    1,    1,    0
    1,    1,    1,    1,    0,    0,    1,    0,    0,    1
    1,    1,    1,    1,    0,    0,    1,    0,    1,    1
    1,    1,    1,    1,    0,    0,    1,    1,    0,    1
    1,    1,    1,    1,    0,    0,    1,    1,    1,    0
    1,    1,    1,    1,    0,    1,    0,    0,    0,    1
    1,    1,    1,    1,    0,    1,    0,    0,    1,    1
    1,    1,    1,    1,    0,    1,    0,    1,    0,    1
    1,    1,    1,    1,    0,    1,    0,    1,    1,    0
    1,    1,    1,    1,    0,    1,    1,    0,    0,    1
    1,    1,    1,    1,    0,    1,    1,    0,    1,    1
    1,    1,    1,    1,    0,    1,    1,    1,    0,    1
    1,    1,    1,    1,    0,    1,    1,    1,    1,    0
    1,    1,    1,    1,    1,    0,    0,    0,    0,    1
    1,    1,    1,    1,    1,    0,    0,    0,    1,    1
    1,    1,    1,    1,    1,    0,    0,    1,    0,    1
    1,    1,    1,    1,    1,    0,    0,    1,    1,    0
    1,    1,    1,    1,    1,    0,    1,    0,    0,    1
    1,    1,    1,    1,    1,    0,    1,    0,    1,    1
    1,    1,    1,    1,    1,    0,    1,    1,    0,    1
    1,    1,    1,    1,    1,    0,    1,    1,    1,    0
    1,    1,    1,    1,    1,    1,    0,    0,    0,    1
    1,    1,    1,    1,    1,    1,    0,    0,    1,    1
    1,    1,    1,    1,    1,    1,    0,    1,    0,    1
    1,    1,    1,    1,    1,    1,    0,    1,    1,    0
    1,    1,    1,    1,    1,    1,    1,    0,    0,    1
    1,    1,    1,    1,    1,    1,    1,    0,    1,    1
    1,    1,    1,    1,    1,    1,    1,    1,    0,    1
    1,    1,    1,    1,    1,    1,    1,    1,    1,    0
# nand(x_8, or(x_7, nor(x_6, or(x_5, xor(x_4, nor(x_3, nand(x_2, nand(x_0, x_1)))))))),-
